ID,Original_End_Time,Converted_End_Time,Is_NaN_After_Conversion
A-3650461,2023-03-31 18:09:49.000000000,,True
A-3650462,2023-02-27 23:36:34.000000000,,True
A-3650463,2023-02-26 11:58:19.000000000,,True
A-3650464,2023-03-21 18:31:50.000000000,,True
A-3650465,2023-03-24 09:22:00.000000000,,True
A-3650466,2023-03-22 06:43:29.000000000,,True
A-3650467,2023-03-23 12:54:07.000000000,,True
A-3650469,2023-03-27 08:22:17.000000000,,True
A-3650472,2023-03-26 03:12:26.000000000,,True
A-3650473,2023-03-31 13:10:51.000000000,,True
A-3650474,2023-03-20 09:22:30.000000000,,True
A-3650475,2023-03-22 18:35:02.000000000,,True
A-3650476,2023-03-22 12:39:40.000000000,,True
A-3650477,2023-03-21 15:39:20.000000000,,True
A-3650478,2023-03-20 12:34:40.000000000,,True
A-3650480,2023-02-27 13:11:58.000000000,,True
A-3650481,2023-03-22 21:33:00.000000000,,True
A-3650482,2023-02-27 19:04:24.000000000,,True
A-3650483,2023-03-30 16:39:04.000000000,,True
A-3650484,2023-03-28 17:26:33.000000000,,True
A-3650485,2023-03-27 08:24:33.000000000,,True
A-3650486,2023-03-21 19:33:40.000000000,,True
A-3650487,2023-03-23 16:24:36.000000000,,True
A-3650488,2023-03-29 16:24:40.000000000,,True
A-3650489,2023-03-23 18:54:05.000000000,,True
A-3650490,2023-03-23 23:36:00.000000000,,True
A-3650491,2023-02-27 09:51:31.000000000,,True
A-3650492,2023-03-21 19:18:30.000000000,,True
A-3650493,2023-02-27 20:39:25.000000000,,True
A-3650495,2023-03-27 09:03:01.000000000,,True
A-3650496,2023-03-19 19:50:30.000000000,,True
A-3650499,2023-03-29 00:01:00.000000000,,True
A-3650501,2023-03-24 20:27:47.000000000,,True
A-3650503,2023-03-21 10:34:02.000000000,,True
A-3650504,2023-03-26 10:01:00.000000000,,True
A-3650505,2023-03-28 06:32:00.000000000,,True
A-3650506,2023-03-21 11:00:16.000000000,,True
A-3650508,2023-02-26 19:40:00.000000000,,True
A-3650509,2023-02-26 18:04:00.000000000,,True
A-3650510,2023-03-23 21:57:20.000000000,,True
A-3650511,2023-03-26 00:48:22.000000000,,True
A-3650512,2023-03-29 10:30:01.000000000,,True
A-3650514,2023-03-28 11:49:40.000000000,,True
A-3650515,2023-03-27 12:30:00.000000000,,True
A-3650516,2023-03-24 19:54:39.000000000,,True
A-3650517,2023-02-27 19:13:34.000000000,,True
A-3650519,2023-03-29 11:15:26.000000000,,True
A-3650520,2023-03-29 15:39:33.000000000,,True
A-3650521,2023-03-27 17:22:37.000000000,,True
A-3650522,2023-03-25 11:27:30.000000000,,True
A-3650523,2023-03-20 00:01:03.000000000,,True
A-3650528,2023-03-23 00:01:01.000000000,,True
A-3650529,2023-03-22 15:49:26.000000000,,True
A-3650530,2023-03-28 08:21:30.000000000,,True
A-3650531,2023-03-24 04:30:07.000000000,,True
A-3650533,2023-03-19 12:39:46.000000000,,True
A-3650534,2023-03-22 03:13:45.000000000,,True
A-3650535,2023-03-26 13:05:00.000000000,,True
A-3650536,2023-03-22 07:16:30.000000000,,True
A-3650537,2023-02-28 03:01:29.000000000,,True
A-3650538,2023-03-21 14:24:50.000000000,,True
A-3650539,2023-03-28 11:59:00.000000000,,True
A-3650540,2023-03-22 17:04:59.000000000,,True
A-3650541,2023-03-31 21:06:41.000000000,,True
A-3650544,2023-02-28 20:25:30.000000000,,True
A-3650546,2023-03-29 18:08:12.000000000,,True
A-3650547,2023-03-21 18:59:49.000000000,,True
A-3650549,2023-03-25 17:38:01.000000000,,True
A-3650552,2023-03-25 17:13:53.000000000,,True
A-3650553,2023-02-26 06:29:47.000000000,,True
A-3650554,2023-03-30 16:49:16.000000000,,True
A-3650555,2023-03-24 10:42:37.000000000,,True
A-3650556,2023-03-30 10:04:00.000000000,,True
A-3650559,2023-03-30 10:30:06.000000000,,True
A-3650561,2023-02-28 01:03:23.000000000,,True
A-3650562,2023-03-22 16:46:30.000000000,,True
A-3650564,2023-03-23 19:07:51.000000000,,True
A-3650565,2023-03-22 16:54:30.000000000,,True
A-3650567,2023-03-19 21:36:00.000000000,,True
A-3650568,2023-03-21 16:57:32.000000000,,True
A-3650569,2023-03-20 10:49:28.000000000,,True
A-3650570,2023-03-27 19:59:49.000000000,,True
A-3650571,2023-03-21 08:44:29.000000000,,True
A-3650572,2023-02-28 10:18:19.000000000,,True
A-3650573,2023-03-27 06:11:30.000000000,,True
A-3650575,2023-03-29 09:22:00.000000000,,True
A-3650576,2023-02-26 10:29:03.000000000,,True
A-3650577,2023-03-22 20:23:55.000000000,,True
A-3650578,2023-03-28 20:27:05.000000000,,True
A-3650580,2023-03-27 16:26:00.000000000,,True
A-3650583,2023-03-20 14:10:29.000000000,,True
A-3650584,2023-03-22 15:02:26.000000000,,True
A-3650586,2023-03-27 13:53:11.000000000,,True
A-3650587,2023-02-27 14:20:12.000000000,,True
A-3650588,2023-03-30 15:44:43.000000000,,True
A-3650589,2023-03-22 17:09:33.000000000,,True
A-3650590,2023-03-22 19:49:55.000000000,,True
A-3650591,2023-03-19 11:57:07.000000000,,True
A-3650593,2023-03-29 11:50:04.000000000,,True
A-3650594,2023-02-28 04:42:31.000000000,,True
A-3650595,2023-03-19 19:50:30.000000000,,True
A-3650596,2023-03-28 18:37:52.000000000,,True
A-3650597,2023-03-23 16:33:58.000000000,,True
A-3650598,2023-03-30 09:32:34.000000000,,True
A-3650600,2023-03-25 21:47:33.000000000,,True
A-3650601,2023-03-21 03:20:29.000000000,,True
A-3650604,2023-03-30 04:05:00.000000000,,True
A-3650605,2023-03-20 12:24:56.000000000,,True
A-3650606,2023-03-26 08:00:00.000000000,,True
A-3650607,2023-03-22 03:20:43.000000000,,True
A-3650608,2023-03-25 07:57:30.000000000,,True
A-3650610,2023-03-28 08:12:21.000000000,,True
A-3650611,2023-03-30 07:33:03.000000000,,True
A-3650612,2023-03-28 13:47:27.000000000,,True
A-3650613,2023-03-22 20:37:32.000000000,,True
A-3650616,2023-02-26 00:14:27.000000000,,True
A-3650617,2023-03-29 00:01:11.000000000,,True
A-3650618,2023-03-27 01:07:33.000000000,,True
A-3650619,2023-03-25 19:57:56.000000000,,True
A-3650620,2023-03-21 20:54:49.000000000,,True
A-3650621,2023-03-24 00:05:01.000000000,,True
A-3650622,2023-03-21 21:28:49.000000000,,True
A-3650623,2023-03-25 19:57:24.000000000,,True
A-3650624,2023-02-26 18:11:20.000000000,,True
A-3650625,2023-03-29 18:05:13.000000000,,True
A-3650627,2023-03-31 16:00:34.000000000,,True
A-3650628,2023-03-27 06:21:00.000000000,,True
A-3650629,2023-02-26 04:47:27.000000000,,True
A-3650631,2023-03-30 13:37:40.000000000,,True
A-3650634,2023-03-24 17:44:30.000000000,,True
A-3650635,2023-03-24 17:33:30.000000000,,True
A-3650637,2023-03-21 00:24:52.000000000,,True
A-3650638,2023-03-26 19:29:35.000000000,,True
A-3650641,2023-03-19 15:33:30.000000000,,True
A-3650642,2023-03-27 06:26:13.000000000,,True
A-3650643,2023-03-27 21:54:41.000000000,,True
A-3650644,2023-03-22 14:04:35.000000000,,True
A-3650645,2023-03-22 07:03:20.000000000,,True
A-3650646,2023-03-20 15:55:12.000000000,,True
A-3650647,2023-03-24 13:11:51.000000000,,True
A-3650648,2023-03-26 17:09:41.000000000,,True
A-3650649,2023-03-22 20:16:00.000000000,,True
A-3650650,2023-03-20 11:02:58.000000000,,True
A-3650651,2023-03-22 19:54:14.000000000,,True
A-3650652,2023-03-22 20:05:51.000000000,,True
A-3650653,2023-03-23 17:29:31.000000000,,True
A-3650654,2023-03-24 08:57:28.000000000,,True
A-3650658,2023-03-25 15:27:58.000000000,,True
A-3650660,2023-03-22 09:19:29.000000000,,True
A-3650662,2023-02-26 03:36:45.000000000,,True
A-3650663,2023-03-28 07:49:30.000000000,,True
A-3650664,2023-03-24 12:24:00.000000000,,True
A-3650666,2023-03-18 22:32:00.000000000,,True
A-3650667,2023-03-30 10:13:11.000000000,,True
A-3650669,2023-03-25 01:30:34.000000000,,True
A-3650670,2023-03-23 20:34:41.000000000,,True
A-3650672,2023-03-22 08:00:44.000000000,,True
A-3650673,2023-02-27 09:43:58.000000000,,True
A-3650674,2023-03-27 19:49:12.000000000,,True
A-3650675,2023-02-28 10:17:29.000000000,,True
A-3650676,2023-03-27 14:07:30.000000000,,True
A-3650677,2023-03-22 16:56:00.000000000,,True
A-3650678,2023-03-29 11:09:15.000000000,,True
A-3650679,2023-03-24 01:14:32.000000000,,True
A-3650680,2023-03-30 03:43:55.000000000,,True
A-3650681,2023-03-19 12:20:16.000000000,,True
A-3650684,2023-03-23 10:32:25.000000000,,True
A-3650685,2023-03-29 09:43:44.000000000,,True
A-3650686,2023-02-28 12:03:00.000000000,,True
A-3650687,2023-02-26 05:28:10.000000000,,True
A-3650689,2023-03-19 17:27:56.000000000,,True
A-3650690,2023-03-31 12:50:55.000000000,,True
A-3650692,2023-03-29 09:15:46.000000000,,True
A-3650693,2023-03-29 16:17:52.000000000,,True
A-3650694,2023-03-22 10:34:51.000000000,,True
A-3650696,2023-03-20 11:04:38.000000000,,True
A-3650697,2023-02-27 14:40:55.000000000,,True
A-3650698,2023-03-25 09:18:04.000000000,,True
A-3650699,2023-03-24 14:57:23.000000000,,True
A-3650700,2023-03-24 18:10:30.000000000,,True
A-3650701,2023-03-30 09:37:52.000000000,,True
A-3650702,2023-03-31 20:21:41.000000000,,True
A-3650703,2023-03-29 04:36:53.000000000,,True
A-3650704,2023-03-30 09:58:16.000000000,,True
A-3650706,2023-03-29 10:59:24.000000000,,True
A-3650707,2023-03-27 12:37:30.000000000,,True
A-3650709,2023-03-30 16:54:09.000000000,,True
A-3650711,2023-03-23 22:52:14.000000000,,True
A-3650713,2023-02-27 12:55:00.000000000,,True
A-3650714,2023-03-30 11:19:14.000000000,,True
A-3650715,2023-03-20 17:58:13.000000000,,True
A-3650717,2023-02-26 20:24:45.000000000,,True
A-3650718,2023-03-22 14:40:00.000000000,,True
A-3650719,2023-03-29 11:13:30.000000000,,True
A-3650720,2023-03-30 15:54:40.000000000,,True
A-3650722,2023-03-28 13:52:45.000000000,,True
A-3650723,2023-03-26 07:42:29.000000000,,True
A-3650724,2023-03-23 10:25:05.000000000,,True
A-3650725,2023-02-28 11:04:30.000000000,,True
A-3650726,2023-03-19 15:19:24.000000000,,True
A-3650727,2023-03-21 04:07:00.000000000,,True
A-3650728,2023-03-22 10:37:42.000000000,,True
A-3650730,2023-03-29 01:57:30.000000000,,True
A-3650731,2023-03-26 20:33:30.000000000,,True
A-3650732,2023-03-26 11:47:16.000000000,,True
A-3650734,2023-03-25 10:28:00.000000000,,True
A-3650735,2023-03-31 16:09:13.000000000,,True
A-3650737,2023-03-22 12:22:30.000000000,,True
A-3650739,2023-03-25 17:50:08.000000000,,True
A-3650740,2023-03-27 16:04:46.000000000,,True
A-3650741,2023-03-20 07:17:22.000000000,,True
A-3650742,2023-03-22 11:27:40.000000000,,True
A-3650743,2023-03-28 08:27:10.000000000,,True
A-3650745,2023-03-27 06:32:35.000000000,,True
A-3650746,2023-03-28 17:32:43.000000000,,True
A-3650747,2023-03-28 18:56:27.000000000,,True
A-3650748,2023-03-23 11:08:10.000000000,,True
A-3650750,2023-03-21 22:12:41.000000000,,True
A-3650751,2023-03-20 17:10:00.000000000,,True
A-3650752,2023-02-27 13:14:00.000000000,,True
A-3650753,2023-03-30 07:49:35.000000000,,True
A-3650754,2023-03-27 14:55:03.000000000,,True
A-3650755,2023-03-24 19:13:06.000000000,,True
A-3650758,2023-03-19 16:52:51.000000000,,True
A-3650759,2023-03-28 16:12:26.000000000,,True
A-3650761,2023-03-26 19:50:00.000000000,,True
A-3650762,2023-03-21 06:25:00.000000000,,True
A-3650763,2023-03-30 15:27:48.000000000,,True
A-3650764,2023-03-27 12:46:31.000000000,,True
A-3650765,2023-02-26 18:17:19.000000000,,True
A-3650766,2023-03-24 12:42:13.000000000,,True
A-3650767,2023-03-21 12:34:48.000000000,,True
A-3650768,2023-03-22 22:00:01.000000000,,True
A-3650769,2023-03-27 16:57:35.000000000,,True
A-3650770,2023-02-28 10:52:34.000000000,,True
A-3650772,2023-03-31 18:51:37.000000000,,True
A-3650773,2023-03-28 16:14:46.000000000,,True
A-3650775,2023-02-26 13:24:42.000000000,,True
A-3650776,2023-03-19 19:14:54.000000000,,True
A-3650777,2023-03-23 12:49:01.000000000,,True
A-3650778,2023-03-31 20:19:40.000000000,,True
A-3650779,2023-02-26 00:00:47.000000000,,True
A-3650780,2023-03-27 23:49:25.000000000,,True
A-3650781,2023-03-21 18:05:37.000000000,,True
A-3650782,2023-03-23 14:38:27.000000000,,True
A-3650784,2023-02-28 08:49:30.000000000,,True
A-3650785,2023-02-27 08:55:30.000000000,,True
A-3650787,2023-03-27 05:31:06.000000000,,True
A-3650789,2023-02-28 03:01:22.000000000,,True
A-3650791,2023-03-27 16:53:14.000000000,,True
A-3650792,2023-03-23 15:15:03.000000000,,True
A-3650794,2023-03-19 02:35:00.000000000,,True
A-3650795,2023-03-19 00:57:18.000000000,,True
A-3650796,2023-03-29 09:43:59.000000000,,True
A-3650797,2023-03-27 00:00:57.000000000,,True
A-3650798,2023-03-20 18:00:43.000000000,,True
A-3650799,2023-03-22 14:09:33.000000000,,True
A-3650800,2023-03-27 12:33:02.000000000,,True
A-3650801,2023-02-28 10:37:23.000000000,,True
A-3650803,2023-03-29 18:17:19.000000000,,True
A-3650804,2023-03-28 21:22:30.000000000,,True
A-3650806,2023-03-20 09:04:22.000000000,,True
A-3650809,2023-03-27 11:12:17.000000000,,True
A-3650810,2023-03-28 11:40:54.000000000,,True
A-3650812,2023-03-29 00:01:14.000000000,,True
A-3650813,2023-03-28 15:59:29.000000000,,True
A-3650814,2023-03-24 21:17:13.000000000,,True
A-3650815,2023-03-21 03:04:35.000000000,,True
A-3650817,2023-03-31 18:44:37.000000000,,True
A-3650818,2023-03-20 10:07:12.000000000,,True
A-3650819,2023-03-25 17:17:40.000000000,,True
A-3650822,2023-03-29 08:59:53.000000000,,True
A-3650825,2023-03-26 18:54:25.000000000,,True
A-3650826,2023-03-23 09:48:46.000000000,,True
A-3650827,2023-03-21 10:03:29.000000000,,True
A-3650829,2023-03-29 18:39:00.000000000,,True
A-3650831,2023-03-24 12:58:02.000000000,,True
A-3650832,2023-03-30 06:33:04.000000000,,True
A-3650834,2023-03-25 23:00:30.000000000,,True
A-3650836,2023-03-23 22:16:13.000000000,,True
A-3650837,2023-03-19 18:37:33.000000000,,True
A-3650838,2023-03-31 18:45:30.000000000,,True
A-3650839,2023-02-26 18:46:10.000000000,,True
A-3650840,2023-03-25 12:14:30.000000000,,True
A-3650841,2023-03-23 08:52:30.000000000,,True
A-3650842,2023-03-24 19:45:00.000000000,,True
A-3650844,2023-03-21 03:52:38.000000000,,True
A-3650845,2023-03-29 09:17:17.000000000,,True
A-3650847,2023-03-21 16:14:22.000000000,,True
A-3650849,2023-03-28 10:09:22.000000000,,True
A-3650850,2023-03-23 05:50:30.000000000,,True
A-3650851,2023-03-30 11:07:53.000000000,,True
A-3650852,2023-03-24 23:12:40.000000000,,True
A-3650853,2023-03-29 08:00:00.000000000,,True
A-3650856,2023-03-20 10:25:10.000000000,,True
A-3650858,2023-03-21 09:17:26.000000000,,True
A-3650860,2023-03-31 22:51:30.000000000,,True
A-3650862,2023-02-27 15:37:30.000000000,,True
A-3650863,2023-03-19 00:27:32.000000000,,True
A-3650864,2023-03-26 12:19:30.000000000,,True
A-3650865,2023-03-22 13:30:30.000000000,,True
A-3650866,2023-03-24 23:59:00.000000000,,True
A-3650867,2023-02-27 17:33:45.000000000,,True
A-3650868,2023-02-26 17:49:34.000000000,,True
A-3650869,2023-03-27 13:45:36.000000000,,True
A-3650870,2023-03-22 10:14:22.000000000,,True
A-3650874,2023-03-25 19:30:45.000000000,,True
A-3650878,2023-03-20 09:37:20.000000000,,True
A-3650879,2023-02-27 10:03:37.000000000,,True
A-3650880,2023-03-27 19:11:30.000000000,,True
A-3650881,2023-03-24 05:56:54.000000000,,True
A-3650882,2023-03-19 22:38:00.000000000,,True
A-3650884,2023-02-27 21:27:15.000000000,,True
A-3650885,2023-03-22 17:45:07.000000000,,True
A-3650886,2023-03-20 21:53:57.000000000,,True
A-3650888,2023-03-24 17:27:31.000000000,,True
A-3650889,2023-02-26 20:51:43.000000000,,True
A-3650890,2023-02-28 10:28:02.000000000,,True
A-3650892,2023-03-28 11:00:05.000000000,,True
A-3650893,2023-03-31 22:58:07.000000000,,True
A-3650895,2023-03-27 13:59:49.000000000,,True
A-3650896,2023-03-23 10:04:38.000000000,,True
A-3650897,2023-02-26 13:24:30.000000000,,True
A-3650898,2023-02-26 07:11:10.000000000,,True
A-3650899,2023-02-27 18:07:01.000000000,,True
A-3650900,2023-03-22 10:49:28.000000000,,True
A-3650901,2023-03-21 17:41:20.000000000,,True
A-3650902,2023-03-18 23:26:46.000000000,,True
A-3650904,2023-03-28 18:36:05.000000000,,True
A-3650905,2023-03-26 23:52:49.000000000,,True
A-3650907,2023-03-23 10:14:30.000000000,,True
A-3650908,2023-03-30 01:02:53.000000000,,True
A-3650909,2023-03-31 18:29:42.000000000,,True
A-3650911,2023-03-31 21:29:57.000000000,,True
A-3650912,2023-03-27 10:10:00.000000000,,True
A-3650913,2023-02-26 19:33:58.000000000,,True
A-3650914,2023-02-27 17:05:39.000000000,,True
A-3650915,2023-03-26 18:09:58.000000000,,True
A-3650916,2023-03-29 09:48:57.000000000,,True
A-3650917,2023-03-25 09:12:45.000000000,,True
A-3650918,2023-03-23 17:22:49.000000000,,True
A-3650921,2023-03-31 11:14:30.000000000,,True
A-3650923,2023-03-31 15:43:30.000000000,,True
A-3650924,2023-02-28 10:03:30.000000000,,True
A-3650925,2023-03-31 18:02:51.000000000,,True
A-3650927,2023-03-29 18:33:00.000000000,,True
A-3650928,2023-03-27 10:00:00.000000000,,True
A-3650929,2023-03-25 18:34:44.000000000,,True
A-3650932,2023-02-27 04:35:50.000000000,,True
A-3650934,2023-03-20 05:09:00.000000000,,True
A-3650935,2023-03-23 17:09:04.000000000,,True
A-3650936,2023-03-23 19:35:18.000000000,,True
A-3650937,2023-03-26 19:39:00.000000000,,True
A-3650938,2023-03-27 15:27:44.000000000,,True
A-3650940,2023-03-22 02:23:19.000000000,,True
A-3650941,2023-03-21 09:58:29.000000000,,True
A-3650942,2023-02-28 11:29:12.000000000,,True
A-3650943,2023-03-20 15:30:38.000000000,,True
A-3650947,2023-02-27 17:34:00.000000000,,True
A-3650951,2023-02-27 14:15:39.000000000,,True
A-3650952,2023-03-21 08:14:57.000000000,,True
A-3650953,2023-03-29 13:13:21.000000000,,True
A-3650957,2023-03-20 08:33:22.000000000,,True
A-3650958,2023-02-27 00:00:47.000000000,,True
A-3650959,2023-03-22 10:42:32.000000000,,True
A-3650960,2023-03-23 09:19:48.000000000,,True
A-3650961,2023-03-20 17:04:41.000000000,,True
A-3650962,2023-03-28 16:45:43.000000000,,True
A-3650963,2023-03-24 21:36:26.000000000,,True
A-3650964,2023-03-26 01:03:34.000000000,,True
A-3650965,2023-03-23 19:43:12.000000000,,True
A-3650968,2023-03-30 06:48:57.000000000,,True
A-3650971,2023-03-26 17:46:00.000000000,,True
A-3650972,2023-03-20 19:27:34.000000000,,True
A-3650973,2023-03-27 18:44:30.000000000,,True
A-3650974,2023-03-19 20:42:16.000000000,,True
A-3650975,2023-02-27 16:29:00.000000000,,True
A-3650976,2023-03-27 22:22:02.000000000,,True
A-3650977,2023-03-27 04:45:00.000000000,,True
A-3650983,2023-03-23 17:11:22.000000000,,True
A-3650984,2023-02-28 09:23:14.000000000,,True
A-3650985,2023-02-27 22:24:10.000000000,,True
A-3650987,2023-03-22 11:13:00.000000000,,True
A-3650988,2023-02-27 00:39:22.000000000,,True
A-3650989,2023-03-20 22:12:28.000000000,,True
A-3650990,2023-03-29 16:05:47.000000000,,True
A-3650991,2023-03-25 19:09:30.000000000,,True
A-3650992,2023-03-29 19:25:00.000000000,,True
A-3650994,2023-03-29 17:00:00.000000000,,True
A-3650995,2023-02-27 19:03:05.000000000,,True
A-3650996,2023-03-31 19:57:00.000000000,,True
A-3650997,2023-03-29 14:12:29.000000000,,True
A-3650998,2023-03-20 08:59:30.000000000,,True
A-3650999,2023-03-22 18:03:23.000000000,,True
A-3651000,2023-03-29 04:03:18.000000000,,True
A-3651004,2023-03-21 10:36:01.000000000,,True
A-3651005,2023-03-29 15:14:43.000000000,,True
A-3651006,2023-03-24 18:47:46.000000000,,True
A-3651007,2023-03-30 16:43:52.000000000,,True
A-3651008,2023-03-25 04:34:20.000000000,,True
A-3651009,2023-02-28 11:24:41.000000000,,True
A-3651011,2023-03-21 08:07:23.000000000,,True
A-3651012,2023-02-28 02:00:10.000000000,,True
A-3651013,2023-03-20 22:55:01.000000000,,True
A-3651014,2023-02-27 23:46:00.000000000,,True
A-3651015,2023-03-19 14:22:12.000000000,,True
A-3651016,2023-03-24 08:02:00.000000000,,True
A-3651017,2023-03-30 17:16:13.000000000,,True
A-3651019,2023-03-29 10:42:39.000000000,,True
A-3651020,2023-03-24 22:16:00.000000000,,True
A-3651021,2023-03-24 21:57:00.000000000,,True
A-3651022,2023-03-29 18:38:30.000000000,,True
A-3651023,2023-03-22 00:22:48.000000000,,True
A-3651024,2023-03-29 14:54:53.000000000,,True
A-3651025,2023-02-27 12:29:43.000000000,,True
A-3651026,2023-03-22 12:13:02.000000000,,True
A-3651027,2023-03-24 19:49:32.000000000,,True
A-3651031,2023-03-31 17:32:55.000000000,,True
A-3651032,2023-02-27 09:31:53.000000000,,True
A-3651033,2023-03-28 17:09:35.000000000,,True
A-3651034,2023-03-31 20:53:23.000000000,,True
A-3651035,2023-03-30 15:49:21.000000000,,True
A-3651037,2023-03-21 14:45:00.000000000,,True
A-3651039,2023-03-22 08:52:10.000000000,,True
A-3651040,2023-03-29 16:43:28.000000000,,True
A-3651041,2023-03-29 16:09:36.000000000,,True
A-3651042,2023-03-21 17:37:34.000000000,,True
A-3651043,2023-03-22 18:32:56.000000000,,True
A-3651044,2023-03-28 08:44:33.000000000,,True
A-3651045,2023-03-29 09:30:30.000000000,,True
A-3651046,2023-02-28 11:29:12.000000000,,True
A-3651047,2023-03-30 03:07:45.000000000,,True
A-3651048,2023-03-22 08:16:30.000000000,,True
A-3651049,2023-03-20 08:40:10.000000000,,True
A-3651050,2023-03-29 11:09:03.000000000,,True
A-3651051,2023-02-27 23:52:26.000000000,,True
A-3651052,2023-02-28 08:27:11.000000000,,True
A-3651053,2023-03-23 17:19:42.000000000,,True
A-3651054,2023-03-22 09:39:43.000000000,,True
A-3651055,2023-03-21 22:47:19.000000000,,True
A-3651057,2023-03-26 18:07:43.000000000,,True
A-3651058,2023-03-25 18:50:00.000000000,,True
A-3651059,2023-03-24 00:17:06.000000000,,True
A-3651061,2023-03-19 12:23:54.000000000,,True
A-3651063,2023-03-29 11:36:00.000000000,,True
A-3651065,2023-03-24 17:00:04.000000000,,True
A-3651066,2023-03-20 10:02:37.000000000,,True
A-3651067,2023-02-27 15:42:10.000000000,,True
A-3651069,2023-03-31 16:59:40.000000000,,True
A-3651070,2023-03-20 13:14:59.000000000,,True
A-3651072,2023-03-29 05:08:43.000000000,,True
A-3651073,2023-03-29 00:57:17.000000000,,True
A-3651076,2023-03-19 18:42:00.000000000,,True
A-3651077,2023-03-27 10:44:34.000000000,,True
A-3651078,2023-02-26 11:38:02.000000000,,True
A-3651079,2023-03-18 22:45:00.000000000,,True
A-3651080,2023-03-25 19:17:00.000000000,,True
A-3651081,2023-03-30 16:33:49.000000000,,True
A-3651082,2023-03-28 00:38:12.000000000,,True
A-3651084,2023-03-22 19:39:20.000000000,,True
A-3651086,2023-03-25 04:18:29.000000000,,True
A-3651088,2023-02-28 09:45:07.000000000,,True
A-3651090,2023-03-31 22:28:48.000000000,,True
A-3651094,2023-03-27 14:38:00.000000000,,True
A-3651096,2023-03-21 09:25:00.000000000,,True
A-3651097,2023-03-23 09:46:00.000000000,,True
A-3651098,2023-03-28 13:01:00.000000000,,True
A-3651099,2023-03-28 11:04:24.000000000,,True
A-3651101,2023-03-21 17:09:39.000000000,,True
A-3651103,2023-02-27 18:04:00.000000000,,True
A-3651105,2023-03-21 19:35:00.000000000,,True
A-3651107,2023-02-28 08:09:01.000000000,,True
A-3651111,2023-03-21 19:34:03.000000000,,True
A-3651112,2023-03-25 12:28:00.000000000,,True
A-3651114,2023-03-31 20:14:22.000000000,,True
A-3651115,2023-03-28 14:14:28.000000000,,True
A-3651116,2023-03-25 06:33:30.000000000,,True
A-3651117,2023-03-27 15:46:00.000000000,,True
A-3651118,2023-03-27 12:57:17.000000000,,True
A-3651119,2023-03-22 07:23:30.000000000,,True
A-3651120,2023-03-27 09:15:02.000000000,,True
A-3651121,2023-03-25 18:33:13.000000000,,True
A-3651122,2023-02-27 19:02:34.000000000,,True
A-3651123,2023-03-28 16:35:03.000000000,,True
A-3651124,2023-03-19 18:14:40.000000000,,True
A-3651126,2023-03-21 00:55:10.000000000,,True
A-3651127,2023-03-26 19:52:53.000000000,,True
A-3651128,2023-03-24 18:47:28.000000000,,True
A-3651130,2023-03-24 16:20:32.000000000,,True
A-3651131,2023-03-23 09:48:46.000000000,,True
A-3651132,2023-03-29 12:09:49.000000000,,True
A-3651133,2023-03-19 17:29:36.000000000,,True
A-3651137,2023-03-26 15:32:41.000000000,,True
A-3651138,2023-03-25 14:08:29.000000000,,True
A-3651139,2023-03-31 20:59:16.000000000,,True
A-3651140,2023-03-21 03:12:32.000000000,,True
A-3651141,2023-03-23 23:13:49.000000000,,True
A-3651142,2023-03-29 10:24:47.000000000,,True
A-3651146,2023-03-22 16:22:45.000000000,,True
A-3651148,2023-02-27 18:07:45.000000000,,True
A-3651149,2023-02-27 15:34:11.000000000,,True
A-3651150,2023-03-23 11:15:01.000000000,,True
A-3651151,2023-03-22 10:29:24.000000000,,True
A-3651152,2023-03-23 15:44:22.000000000,,True
A-3651153,2023-02-27 20:28:30.000000000,,True
A-3651154,2023-03-21 19:09:37.000000000,,True
A-3651155,2023-03-26 05:07:58.000000000,,True
A-3651156,2023-03-21 15:41:30.000000000,,True
A-3651157,2023-03-22 08:34:00.000000000,,True
A-3651160,2023-03-30 14:45:00.000000000,,True
A-3651161,2023-02-26 01:17:30.000000000,,True
A-3651164,2023-03-30 11:39:39.000000000,,True
A-3651165,2023-03-22 09:49:21.000000000,,True
A-3651167,2023-03-30 16:00:00.000000000,,True
A-3651169,2023-03-29 08:34:23.000000000,,True
A-3651172,2023-03-23 18:57:54.000000000,,True
A-3651173,2023-03-29 17:43:29.000000000,,True
A-3651175,2023-03-29 16:44:22.000000000,,True
A-3651176,2023-03-25 19:47:22.000000000,,True
A-3651180,2023-03-28 10:34:34.000000000,,True
A-3651181,2023-03-20 16:48:48.000000000,,True
A-3651182,2023-03-21 11:22:28.000000000,,True
A-3651183,2023-03-23 13:47:16.000000000,,True
A-3651184,2023-03-23 20:19:38.000000000,,True
A-3651185,2023-03-21 23:49:41.000000000,,True
A-3651186,2023-03-31 17:03:27.000000000,,True
A-3651187,2023-02-28 07:01:09.000000000,,True
A-3651188,2023-03-22 20:44:23.000000000,,True
A-3651189,2023-03-28 01:33:28.000000000,,True
A-3651190,2023-03-29 15:55:42.000000000,,True
A-3651191,2023-03-22 18:10:00.000000000,,True
A-3651193,2023-03-22 17:49:46.000000000,,True
A-3651194,2023-03-21 10:17:54.000000000,,True
A-3651195,2023-03-19 01:42:58.000000000,,True
A-3651197,2023-03-25 12:43:06.000000000,,True
A-3651199,2023-03-31 22:39:30.000000000,,True
A-3651200,2023-03-25 17:29:45.000000000,,True
A-3651202,2023-02-26 20:21:26.000000000,,True
A-3651206,2023-02-27 15:05:23.000000000,,True
A-3651208,2023-03-27 05:34:49.000000000,,True
A-3651211,2023-03-27 20:25:00.000000000,,True
A-3651213,2023-03-23 16:43:22.000000000,,True
A-3651214,2023-03-24 20:33:30.000000000,,True
A-3651215,2023-03-27 00:06:00.000000000,,True
A-3651216,2023-03-29 00:01:11.000000000,,True
A-3651217,2023-02-27 23:45:47.000000000,,True
A-3651220,2023-03-28 07:52:00.000000000,,True
A-3651224,2023-03-22 12:19:38.000000000,,True
A-3651225,2023-03-18 19:20:07.000000000,,True
A-3651226,2023-02-28 08:50:58.000000000,,True
A-3651227,2023-03-25 12:07:40.000000000,,True
A-3651228,2023-03-23 20:49:30.000000000,,True
A-3651229,2023-03-22 09:57:29.000000000,,True
A-3651230,2023-03-22 07:16:39.000000000,,True
A-3651231,2023-03-21 17:41:20.000000000,,True
A-3651232,2023-03-25 16:09:49.000000000,,True
A-3651234,2023-03-21 23:17:45.000000000,,True
A-3651235,2023-03-23 16:35:54.000000000,,True
A-3651236,2023-03-28 09:56:00.000000000,,True
A-3651237,2023-03-22 14:21:00.000000000,,True
A-3651238,2023-03-24 21:13:30.000000000,,True
A-3651239,2023-02-27 16:15:30.000000000,,True
A-3651240,2023-03-30 08:55:47.000000000,,True
A-3651241,2023-03-27 20:44:19.000000000,,True
A-3651242,2023-03-26 11:22:10.000000000,,True
A-3651243,2023-02-27 22:39:59.000000000,,True
A-3651245,2023-03-27 16:26:00.000000000,,True
A-3651246,2023-03-30 10:05:04.000000000,,True
A-3651247,2023-03-23 20:54:17.000000000,,True
A-3651248,2023-03-19 16:33:26.000000000,,True
A-3651249,2023-03-31 23:11:32.000000000,,True
A-3651250,2023-03-30 11:32:51.000000000,,True
A-3651252,2023-03-29 23:15:13.000000000,,True
A-3651254,2023-03-22 19:55:30.000000000,,True
A-3651255,2023-03-28 22:43:34.000000000,,True
A-3651256,2023-03-24 00:01:06.000000000,,True
A-3651257,2023-03-25 18:22:30.000000000,,True
A-3651259,2023-03-27 12:32:00.000000000,,True
A-3651261,2023-03-31 16:44:43.000000000,,True
A-3651262,2023-03-25 17:04:48.000000000,,True
A-3651263,2023-02-26 15:06:49.000000000,,True
A-3651266,2023-03-24 14:41:26.000000000,,True
A-3651268,2023-03-22 09:55:33.000000000,,True
A-3651269,2023-03-24 19:52:26.000000000,,True
A-3651270,2023-03-28 18:18:32.000000000,,True
A-3651271,2023-03-20 23:03:13.000000000,,True
A-3651272,2023-03-23 20:24:00.000000000,,True
A-3651273,2023-03-28 21:05:05.000000000,,True
A-3651274,2023-03-24 19:54:39.000000000,,True
A-3651276,2023-02-27 18:10:30.000000000,,True
A-3651277,2023-02-26 16:32:30.000000000,,True
A-3651278,2023-02-28 08:58:35.000000000,,True
A-3651279,2023-03-31 16:21:55.000000000,,True
A-3651281,2023-03-21 01:55:11.000000000,,True
A-3651282,2023-03-30 00:04:30.000000000,,True
A-3651283,2023-03-21 18:37:17.000000000,,True
A-3651284,2023-03-24 06:52:00.000000000,,True
A-3651285,2023-02-26 00:43:48.000000000,,True
A-3651286,2023-03-31 21:13:11.000000000,,True
A-3651288,2023-03-24 20:07:00.000000000,,True
A-3651289,2023-03-20 20:13:00.000000000,,True
A-3651291,2023-02-26 10:52:30.000000000,,True
A-3651294,2023-03-29 01:11:00.000000000,,True
A-3651295,2023-03-23 14:23:10.000000000,,True
A-3651296,2023-03-23 10:48:32.000000000,,True
A-3651297,2023-02-26 00:08:00.000000000,,True
A-3651298,2023-03-19 16:52:23.000000000,,True
A-3651300,2023-03-24 19:35:44.000000000,,True
A-3651301,2023-03-28 19:32:47.000000000,,True
A-3651302,2023-03-23 17:30:23.000000000,,True
A-3651303,2023-02-28 07:34:24.000000000,,True
A-3651304,2023-03-22 16:46:59.000000000,,True
A-3651305,2023-03-20 17:17:33.000000000,,True
A-3651306,2023-02-27 10:46:30.000000000,,True
A-3651307,2023-03-23 14:13:00.000000000,,True
A-3651308,2023-03-29 20:41:35.000000000,,True
A-3651309,2023-03-27 08:25:09.000000000,,True
A-3651311,2023-03-30 12:14:41.000000000,,True
A-3651313,2023-03-29 21:22:37.000000000,,True
A-3651314,2023-03-22 12:08:55.000000000,,True
A-3651315,2023-03-19 11:05:28.000000000,,True
A-3651316,2023-02-27 18:38:45.000000000,,True
A-3651317,2023-03-29 09:07:16.000000000,,True
A-3651318,2023-03-29 10:25:30.000000000,,True
A-3651320,2023-03-24 19:58:14.000000000,,True
A-3651321,2023-03-29 14:59:38.000000000,,True
A-3651324,2023-03-29 17:54:38.000000000,,True
A-3651328,2023-03-29 09:24:50.000000000,,True
A-3651329,2023-03-27 14:54:30.000000000,,True
A-3651331,2023-03-30 18:35:10.000000000,,True
A-3651332,2023-03-31 18:43:19.000000000,,True
A-3651333,2023-03-29 08:59:53.000000000,,True
A-3651335,2023-03-29 15:54:30.000000000,,True
A-3651336,2023-03-29 19:38:16.000000000,,True
A-3651337,2023-03-29 17:49:00.000000000,,True
A-3651338,2023-03-28 15:10:24.045736300,,True
A-3651340,2023-03-28 00:00:58.000000000,,True
A-3651341,2023-03-25 05:34:48.000000000,,True
A-3651343,2023-02-28 00:05:26.000000000,,True
A-3651344,2023-02-28 09:57:04.000000000,,True
A-3651346,2023-03-21 12:19:39.000000000,,True
A-3651347,2023-03-30 11:15:00.000000000,,True
A-3651349,2023-02-26 04:10:13.000000000,,True
A-3651350,2023-03-28 17:49:58.000000000,,True
A-3651352,2023-03-25 00:42:00.000000000,,True
A-3651353,2023-03-30 19:57:30.000000000,,True
A-3651354,2023-03-25 11:20:24.000000000,,True
A-3651355,2023-03-22 19:44:54.000000000,,True
A-3651356,2023-03-18 19:47:00.000000000,,True
A-3651357,2023-03-27 19:32:13.000000000,,True
A-3651359,2023-03-23 06:14:34.000000000,,True
A-3651360,2023-03-24 12:12:41.000000000,,True
A-3651361,2023-02-26 06:48:02.000000000,,True
A-3651362,2023-03-19 23:24:49.000000000,,True
A-3651363,2023-03-21 16:00:00.000000000,,True
A-3651365,2023-03-26 19:40:00.000000000,,True
A-3651366,2023-03-23 13:24:27.000000000,,True
A-3651368,2023-03-25 02:15:31.000000000,,True
A-3651370,2023-02-26 18:23:40.000000000,,True
A-3651372,2023-03-21 13:32:00.000000000,,True
A-3651373,2023-03-24 17:58:00.000000000,,True
A-3651374,2023-02-28 11:17:00.000000000,,True
A-3651375,2023-03-24 15:29:28.000000000,,True
A-3651377,2023-02-28 17:02:00.000000000,,True
A-3651378,2023-02-27 17:22:24.000000000,,True
A-3651379,2023-03-19 18:32:36.000000000,,True
A-3651380,2023-03-27 09:54:45.000000000,,True
A-3651382,2023-03-25 20:13:21.000000000,,True
A-3651384,2023-03-22 19:25:43.000000000,,True
A-3651385,2023-03-22 14:00:58.000000000,,True
A-3651386,2023-03-24 03:01:08.000000000,,True
A-3651388,2023-03-22 14:36:17.000000000,,True
A-3651389,2023-03-31 15:48:02.000000000,,True
A-3651390,2023-03-27 18:04:53.000000000,,True
A-3651394,2023-03-29 10:39:38.000000000,,True
A-3651395,2023-03-22 19:12:57.000000000,,True
A-3651397,2023-03-21 17:12:30.000000000,,True
A-3651398,2023-03-22 21:26:58.000000000,,True
A-3651399,2023-03-21 03:47:29.000000000,,True
A-3651400,2023-03-25 16:27:39.000000000,,True
A-3651401,2023-03-29 10:43:00.000000000,,True
A-3651402,2023-03-20 19:25:00.000000000,,True
A-3651404,2023-03-23 15:19:45.000000000,,True
A-3651405,2023-02-28 12:58:00.000000000,,True
A-3651406,2023-03-29 12:40:01.000000000,,True
A-3651408,2023-03-29 19:38:30.000000000,,True
A-3651409,2023-03-29 19:55:30.000000000,,True
A-3651410,2023-03-19 14:35:30.000000000,,True
A-3651413,2023-03-23 19:24:27.000000000,,True
A-3651415,2023-03-22 00:02:23.000000000,,True
A-3651416,2023-02-27 19:33:30.000000000,,True
A-3651417,2023-02-28 02:00:42.000000000,,True
A-3651419,2023-03-22 15:57:45.000000000,,True
A-3651420,2023-03-25 13:11:00.000000000,,True
A-3651421,2023-03-19 17:14:19.000000000,,True
A-3651422,2023-03-31 12:18:00.000000000,,True
A-3651423,2023-03-31 22:17:52.000000000,,True
A-3651424,2023-02-28 08:12:00.000000000,,True
A-3651425,2023-03-30 10:03:14.000000000,,True
A-3651426,2023-03-23 19:03:24.000000000,,True
A-3651427,2023-03-31 14:15:00.000000000,,True
A-3651428,2023-03-27 00:07:35.000000000,,True
A-3651429,2023-03-24 23:12:58.000000000,,True
A-3651431,2023-03-25 17:22:30.000000000,,True
A-3651432,2023-03-19 22:27:28.000000000,,True
A-3651433,2023-02-26 03:13:00.000000000,,True
A-3651434,2023-02-27 16:22:00.000000000,,True
A-3651435,2023-03-21 12:02:30.000000000,,True
A-3651437,2023-03-27 01:35:36.000000000,,True
A-3651442,2023-03-29 14:15:30.000000000,,True
A-3651443,2023-03-30 18:57:17.000000000,,True
A-3651445,2023-03-22 20:05:51.000000000,,True
A-3651447,2023-03-23 22:20:45.000000000,,True
A-3651448,2023-03-26 09:14:00.000000000,,True
A-3651449,2023-03-27 07:10:19.000000000,,True
A-3651450,2023-03-24 23:57:00.000000000,,True
A-3651451,2023-03-25 23:22:30.000000000,,True
A-3651452,2023-02-26 17:03:30.000000000,,True
A-3651454,2023-02-27 18:10:07.000000000,,True
A-3651455,2023-03-21 10:54:00.000000000,,True
A-3651456,2023-03-20 00:55:02.000000000,,True
A-3651459,2023-03-21 03:34:47.000000000,,True
A-3651461,2023-03-23 20:32:00.000000000,,True
A-3651462,2023-03-31 18:46:38.000000000,,True
A-3651463,2023-03-28 20:44:39.000000000,,True
A-3651464,2023-03-28 18:15:39.000000000,,True
A-3651465,2023-02-28 07:58:16.000000000,,True
A-3651466,2023-03-30 16:46:40.000000000,,True
A-3651468,2023-03-22 01:08:31.000000000,,True
A-3651469,2023-02-28 08:51:21.000000000,,True
A-3651470,2023-03-24 15:19:36.000000000,,True
A-3651471,2023-03-20 13:34:53.000000000,,True
A-3651472,2023-02-27 13:31:03.000000000,,True
A-3651474,2023-03-29 13:58:00.000000000,,True
A-3651475,2023-02-28 11:01:15.000000000,,True
A-3651476,2023-02-26 23:20:44.000000000,,True
A-3651477,2023-03-24 12:29:17.000000000,,True
A-3651478,2023-03-28 17:44:41.000000000,,True
A-3651479,2023-02-26 12:28:46.000000000,,True
A-3651480,2023-03-21 19:53:01.000000000,,True
A-3651483,2023-02-28 01:47:38.000000000,,True
A-3651484,2023-03-20 14:57:44.000000000,,True
A-3651486,2023-03-30 12:02:20.000000000,,True
A-3651487,2023-03-27 09:05:14.000000000,,True
A-3651489,2023-03-22 00:23:30.000000000,,True
A-3651490,2023-02-26 19:02:01.000000000,,True
A-3651493,2023-03-20 14:34:56.000000000,,True
A-3651494,2023-02-28 00:01:00.000000000,,True
A-3651496,2023-03-30 18:25:59.000000000,,True
A-3651497,2023-02-27 15:22:00.000000000,,True
A-3651501,2023-03-26 03:56:27.000000000,,True
A-3651504,2023-03-29 16:30:46.000000000,,True
A-3651505,2023-03-23 13:20:40.000000000,,True
A-3651506,2023-03-28 19:40:46.000000000,,True
A-3651507,2023-03-30 06:45:47.000000000,,True
A-3651508,2023-03-26 17:37:00.000000000,,True
A-3651510,2023-03-29 10:00:21.000000000,,True
A-3651512,2023-03-25 17:15:00.000000000,,True
A-3651515,2023-03-26 14:14:44.000000000,,True
A-3651516,2023-03-25 21:04:24.000000000,,True
A-3651518,2023-03-23 07:42:28.000000000,,True
A-3651522,2023-02-28 08:49:00.000000000,,True
A-3651523,2023-03-29 10:45:40.000000000,,True
A-3651524,2023-03-21 15:16:30.000000000,,True
A-3651526,2023-03-19 20:23:30.000000000,,True
A-3651527,2023-03-31 23:42:19.000000000,,True
A-3651528,2023-02-27 10:23:48.000000000,,True
A-3651531,2023-03-29 10:28:00.000000000,,True
A-3651532,2023-03-29 19:25:30.000000000,,True
A-3651533,2023-03-28 12:03:51.000000000,,True
A-3651535,2023-03-23 02:01:19.000000000,,True
A-3651537,2023-02-27 17:13:00.000000000,,True
A-3651538,2023-03-29 21:39:30.000000000,,True
A-3651540,2023-03-21 15:02:19.000000000,,True
A-3651541,2023-02-27 13:44:33.000000000,,True
A-3651543,2023-03-28 09:49:50.000000000,,True
A-3651544,2023-03-25 05:55:00.000000000,,True
A-3651545,2023-03-22 18:25:00.000000000,,True
A-3651547,2023-03-31 17:42:24.000000000,,True
A-3651548,2023-03-19 01:14:21.000000000,,True
A-3651549,2023-02-28 08:50:00.000000000,,True
A-3651550,2023-03-30 06:02:54.000000000,,True
A-3651551,2023-02-27 06:32:51.000000000,,True
A-3651552,2023-03-30 08:18:06.000000000,,True
A-3651554,2023-03-24 01:38:22.000000000,,True
A-3651555,2023-03-20 11:28:07.000000000,,True
A-3651556,2023-02-26 15:30:00.000000000,,True
A-3651557,2023-03-18 19:20:07.000000000,,True
A-3651558,2023-02-28 01:02:19.000000000,,True
A-3651559,2023-03-23 19:55:00.000000000,,True
A-3651560,2023-03-23 10:34:55.000000000,,True
A-3651561,2023-03-25 13:54:53.000000000,,True
A-3651562,2023-02-27 06:43:04.000000000,,True
A-3651563,2023-03-19 18:12:35.000000000,,True
A-3651564,2023-02-28 04:02:30.000000000,,True
A-3651565,2023-03-21 09:21:13.000000000,,True
A-3651566,2023-03-31 13:10:30.000000000,,True
A-3651567,2023-03-26 01:10:00.000000000,,True
A-3651568,2023-03-23 11:15:01.000000000,,True
A-3651569,2023-03-22 23:07:14.000000000,,True
A-3651570,2023-02-26 19:56:15.000000000,,True
A-3651571,2023-03-28 19:14:04.000000000,,True
A-3651572,2023-03-28 10:00:00.000000000,,True
A-3651573,2023-03-25 19:27:34.000000000,,True
A-3651574,2023-03-26 19:54:00.000000000,,True
A-3651575,2023-03-24 15:41:51.000000000,,True
A-3651576,2023-03-21 11:48:30.000000000,,True
A-3651577,2023-03-24 03:22:26.000000000,,True
A-3651578,2023-03-25 15:34:08.000000000,,True
A-3651580,2023-03-24 19:49:32.000000000,,True
A-3651581,2023-03-23 21:18:05.000000000,,True
A-3651583,2023-02-26 16:36:30.000000000,,True
A-3651584,2023-03-25 16:03:00.000000000,,True
A-3651585,2023-03-25 14:42:31.000000000,,True
A-3651586,2023-03-20 14:14:17.000000000,,True
A-3651587,2023-02-27 23:57:33.000000000,,True
A-3651591,2023-03-20 14:38:43.000000000,,True
A-3651593,2023-03-22 18:19:55.000000000,,True
A-3651594,2023-03-31 23:27:56.000000000,,True
A-3651595,2023-02-27 21:30:28.000000000,,True
A-3651596,2023-03-21 20:23:26.000000000,,True
A-3651597,2023-03-21 23:46:00.000000000,,True
A-3651598,2023-03-19 19:04:45.000000000,,True
A-3651601,2023-03-30 11:55:00.000000000,,True
A-3651603,2023-03-22 08:52:10.000000000,,True
A-3651604,2023-03-29 16:48:09.000000000,,True
A-3651605,2023-03-20 10:12:18.000000000,,True
A-3651607,2023-03-19 14:39:30.000000000,,True
A-3651608,2023-03-24 18:19:22.000000000,,True
A-3651609,2023-03-27 17:44:33.000000000,,True
A-3651610,2023-03-28 19:25:30.000000000,,True
A-3651611,2023-03-24 14:04:54.000000000,,True
A-3651614,2023-03-29 18:27:00.000000000,,True
A-3651615,2023-02-28 14:27:18.000000000,,True
A-3651618,2023-03-31 12:09:40.000000000,,True
A-3651620,2023-03-30 17:19:50.000000000,,True
A-3651622,2023-03-27 20:08:11.000000000,,True
A-3651623,2023-02-28 10:56:00.000000000,,True
A-3651625,2023-03-30 19:27:37.000000000,,True
A-3651627,2023-03-19 10:07:57.000000000,,True
A-3651628,2023-03-30 06:14:00.000000000,,True
A-3651630,2023-03-24 08:49:26.000000000,,True
A-3651631,2023-03-19 08:57:34.000000000,,True
A-3651633,2023-03-24 19:31:16.000000000,,True
A-3651634,2023-03-28 10:32:35.000000000,,True
A-3651635,2023-03-29 17:53:08.000000000,,True
A-3651636,2023-03-24 13:34:37.000000000,,True
A-3651637,2023-03-25 01:43:30.000000000,,True
A-3651640,2023-03-23 17:47:40.000000000,,True
A-3651641,2023-03-30 16:37:00.000000000,,True
A-3651642,2023-03-25 23:33:49.000000000,,True
A-3651644,2023-03-23 10:14:30.000000000,,True
A-3651645,2023-02-28 08:39:00.000000000,,True
A-3651646,2023-02-26 06:14:30.000000000,,True
A-3651648,2023-03-31 16:53:58.000000000,,True
A-3651650,2023-03-29 12:57:30.000000000,,True
A-3651652,2023-03-25 15:58:11.000000000,,True
A-3651654,2023-03-26 11:39:52.000000000,,True
A-3651655,2023-03-26 16:22:40.000000000,,True
A-3651657,2023-03-30 10:19:30.000000000,,True
A-3651658,2023-03-23 16:05:27.000000000,,True
A-3651663,2023-03-20 09:19:28.000000000,,True
A-3651664,2023-03-18 20:47:26.000000000,,True
A-3651666,2023-03-23 22:04:19.000000000,,True
A-3651669,2023-03-29 11:54:41.000000000,,True
A-3651670,2023-03-18 23:09:39.000000000,,True
A-3651671,2023-02-27 14:29:20.000000000,,True
A-3651672,2023-03-22 12:39:40.000000000,,True
A-3651673,2023-03-30 17:50:07.000000000,,True
A-3651674,2023-03-21 09:49:54.000000000,,True
A-3651675,2023-03-28 10:29:43.000000000,,True
A-3651676,2023-03-24 01:10:47.000000000,,True
A-3651680,2023-03-23 10:49:00.000000000,,True
A-3651681,2023-02-28 15:42:00.000000000,,True
A-3651682,2023-03-21 03:29:15.000000000,,True
A-3651686,2023-02-26 00:37:44.000000000,,True
A-3651687,2023-03-30 00:58:01.000000000,,True
A-3651688,2023-03-24 20:24:00.000000000,,True
A-3651689,2023-02-27 11:32:30.000000000,,True
A-3651690,2023-02-26 05:17:09.000000000,,True
A-3651691,2023-03-20 07:47:34.000000000,,True
A-3651692,2023-03-23 16:48:00.000000000,,True
A-3651693,2023-02-27 18:27:24.000000000,,True
A-3651696,2023-02-28 06:57:00.000000000,,True
A-3651697,2023-03-21 14:09:41.000000000,,True
A-3651698,2023-03-30 18:44:28.000000000,,True
A-3651699,2023-02-28 05:33:14.000000000,,True
A-3651700,2023-03-27 08:39:32.000000000,,True
A-3651701,2023-03-23 00:49:24.000000000,,True
A-3651703,2023-03-25 01:08:28.000000000,,True
A-3651705,2023-03-22 17:30:00.000000000,,True
A-3651706,2023-03-25 01:27:22.000000000,,True
A-3651708,2023-03-25 13:04:30.000000000,,True
A-3651711,2023-03-31 11:59:46.000000000,,True
A-3651712,2023-03-28 12:19:27.000000000,,True
A-3651714,2023-03-31 17:14:27.000000000,,True
A-3651716,2023-03-21 01:12:29.000000000,,True
A-3651717,2023-02-27 16:27:17.000000000,,True
A-3651718,2023-02-28 11:04:30.000000000,,True
A-3651720,2023-03-27 01:52:30.000000000,,True
A-3651722,2023-03-24 03:05:09.000000000,,True
A-3651723,2023-03-21 21:54:31.000000000,,True
A-3651724,2023-02-27 17:51:09.000000000,,True
A-3651725,2023-02-28 08:12:44.000000000,,True
A-3651726,2023-03-25 15:04:35.000000000,,True
A-3651731,2023-03-23 20:24:53.000000000,,True
A-3651732,2023-03-27 12:10:49.000000000,,True
A-3651733,2023-03-24 12:34:25.000000000,,True
A-3651734,2023-03-19 00:01:04.000000000,,True
A-3651736,2023-03-28 16:14:36.000000000,,True
A-3651737,2023-02-27 05:42:12.000000000,,True
A-3651738,2023-03-23 22:00:00.000000000,,True
A-3651739,2023-03-29 20:14:27.000000000,,True
A-3651744,2023-03-21 23:59:09.000000000,,True
A-3651745,2023-02-26 23:40:35.000000000,,True
A-3651746,2023-02-28 00:01:03.000000000,,True
A-3651747,2023-02-27 08:48:00.000000000,,True
A-3651748,2023-03-24 22:46:04.000000000,,True
A-3651751,2023-03-24 13:31:00.000000000,,True
A-3651752,2023-03-28 18:28:02.000000000,,True
A-3651754,2023-03-21 12:30:30.000000000,,True
A-3651755,2023-03-25 19:27:04.000000000,,True
A-3651756,2023-03-27 21:43:03.000000000,,True
A-3651757,2023-02-27 00:00:47.000000000,,True
A-3651761,2023-02-27 14:00:25.000000000,,True
A-3651762,2023-03-21 15:59:30.000000000,,True
A-3651763,2023-02-27 02:49:30.000000000,,True
A-3651764,2023-03-25 12:57:19.000000000,,True
A-3651766,2023-03-20 10:40:30.000000000,,True
A-3651769,2023-03-26 13:34:00.000000000,,True
A-3651770,2023-03-22 21:32:00.000000000,,True
A-3651772,2023-03-31 15:22:05.000000000,,True
A-3651774,2023-03-31 20:57:48.000000000,,True
A-3651776,2023-03-27 22:02:13.000000000,,True
A-3651777,2023-03-23 20:57:20.000000000,,True
A-3651778,2023-03-20 08:12:00.000000000,,True
A-3651779,2023-03-24 13:02:00.000000000,,True
A-3651780,2023-03-23 00:01:05.000000000,,True
A-3651781,2023-02-28 09:23:14.000000000,,True
A-3651782,2023-03-27 05:47:13.000000000,,True
A-3651784,2023-03-27 07:54:48.000000000,,True
A-3651785,2023-03-21 16:24:37.000000000,,True
A-3651789,2023-03-31 19:44:19.000000000,,True
A-3651790,2023-03-19 15:17:13.000000000,,True
A-3651791,2023-03-30 19:42:37.000000000,,True
A-3651793,2023-03-28 19:54:42.000000000,,True
A-3651794,2023-03-30 18:55:00.000000000,,True
A-3651795,2023-03-28 09:47:48.000000000,,True
A-3651797,2023-03-29 18:45:57.000000000,,True
A-3651799,2023-03-25 01:02:06.000000000,,True
A-3651800,2023-03-27 20:49:00.000000000,,True
A-3651802,2023-03-25 18:37:25.000000000,,True
A-3651803,2023-03-18 19:20:07.000000000,,True
A-3651804,2023-03-23 19:08:30.000000000,,True
A-3651805,2023-03-19 16:59:12.000000000,,True
A-3651807,2023-03-27 12:14:41.000000000,,True
A-3651810,2023-03-29 08:01:34.000000000,,True
A-3651814,2023-03-30 09:10:15.000000000,,True
A-3651816,2023-03-26 04:30:00.000000000,,True
A-3651817,2023-03-30 09:33:00.000000000,,True
A-3651818,2023-03-24 15:34:42.000000000,,True
A-3651819,2023-03-25 19:15:00.000000000,,True
A-3651820,2023-03-28 17:52:09.000000000,,True
A-3651821,2023-03-23 20:00:00.000000000,,True
A-3651822,2023-03-27 11:05:04.000000000,,True
A-3651823,2023-03-24 16:37:26.000000000,,True
A-3651824,2023-03-30 17:16:13.000000000,,True
A-3651826,2023-03-21 13:58:30.000000000,,True
A-3651833,2023-03-28 14:24:33.000000000,,True
A-3651834,2023-03-28 20:07:34.000000000,,True
A-3651835,2023-03-27 01:24:29.000000000,,True
A-3651836,2023-03-29 11:05:26.000000000,,True
A-3651838,2023-03-28 11:22:43.000000000,,True
A-3651839,2023-03-20 10:32:05.000000000,,True
A-3651842,2023-03-30 19:11:11.000000000,,True
A-3651843,2023-03-22 08:23:30.000000000,,True
A-3651844,2023-03-19 15:42:30.000000000,,True
A-3651845,2023-03-28 17:12:11.000000000,,True
A-3651847,2023-03-22 19:44:38.000000000,,True
A-3651848,2023-03-26 10:39:52.000000000,,True
A-3651849,2023-03-30 17:29:51.000000000,,True
A-3651850,2023-02-27 15:21:00.000000000,,True
A-3651851,2023-03-26 19:08:50.000000000,,True
A-3651852,2023-03-31 17:31:00.000000000,,True
A-3651853,2023-03-28 17:39:00.000000000,,True
A-3651857,2023-03-22 17:54:57.000000000,,True
A-3651859,2023-03-27 17:41:31.000000000,,True
A-3651860,2023-03-27 10:05:20.000000000,,True
A-3651861,2023-03-24 20:17:24.000000000,,True
A-3651862,2023-03-24 19:09:20.000000000,,True
A-3651863,2023-03-31 20:33:14.000000000,,True
A-3651865,2023-03-23 16:43:44.000000000,,True
A-3651866,2023-03-27 05:28:00.000000000,,True
A-3651868,2023-03-22 03:00:55.000000000,,True
A-3651869,2023-03-24 22:51:00.000000000,,True
A-3651871,2023-03-22 18:37:21.000000000,,True
A-3651872,2023-03-18 22:59:49.000000000,,True
A-3651873,2023-03-22 13:34:12.000000000,,True
A-3651876,2023-02-26 18:27:21.000000000,,True
A-3651877,2023-03-31 18:46:00.000000000,,True
